[{"triggerRunId":"55433","uuid":"2e8670c5-ce10-4588-a22b-3d0865c8bf1b","secctrlIds":"SECCTRL-32-1,SECCTRL-95-6,SECCTRL-2136-1,SECCTRL-2103-2,SECCTRL-135-1,SECCTRL-145-4,SECCTRL-145-5,SECCTRL-145-3","armSubscriptionName":"q3001","tdEnvironment":"qa","timestamp":"2022-04-07T07:00:28.899Z","workflowId":"test-suite-assert.yml","runNumber":219,"runName":"Assurance Test Suite Assert","runUrl":"https://github.td.com/TD-Enterprise-Eng/assurance/actions/runs/55518","secctrls":[{"triggerRunId":"55434","uuid":"dedc9f46-44ef-49d8-ab2e-aead35147dc9","secctrlId":"SECCTRL-32-1","armSubscriptionName":"q3001","tdEnvironment":"qa","timestamp":"2022-04-07T07:00:46.352Z","workflowId":"SECCTRL.yml","runNumber":2075,"runName":"SECCTRL","runUrl":"https://github.td.com/TD-Enterprise-Eng/assurance/actions/runs/55438","testResults":[{"testCase":"Private Storage Account","testResult":true},{"testCase":"Public Blob Object","testResult":true},{"testCase":"Public Storage Container","testResult":true}],"allTestsPassed":true},{"triggerRunId":"55434","uuid":"f97f0147-06a7-4c56-a294-5d836366bd06","secctrlId":"SECCTRL-95-6","armSubscriptionName":"q3001","tdEnvironment":"qa","timestamp":"2022-04-07T07:00:46.721Z","workflowId":"SECCTRL.yml","runNumber":2076,"runName":"SECCTRL","runUrl":"https://github.td.com/TD-Enterprise-Eng/assurance/actions/runs/55439","testResults":[{"testResult":true},{"testResult":true},{"testResult":true}],"allTestsPassed":true},{"triggerRunId":"55434","uuid":"c902f80a-dd3a-456d-99d3-8ab0d7bce941","secctrlId":"SECCTRL-2136-1","armSubscriptionName":"q3001","tdEnvironment":"qa","timestamp":"2022-04-07T07:00:47.069Z","workflowId":"SECCTRL.yml","runNumber":2077,"runName":"SECCTRL","runUrl":"https://github.td.com/TD-Enterprise-Eng/assurance/actions/runs/55440","error":"getArtifact(): No matching artifact found before retries exceeded.","allTestsPassed":"getArtifact(): No matching artifact found before retries exceeded."},{"triggerRunId":"55434","uuid":"c1e2a057-2eb9-48a6-8923-d13573130f42","secctrlId":"SECCTRL-2103-2","armSubscriptionName":"q3001","tdEnvironment":"qa","timestamp":"2022-04-07T07:00:47.472Z","workflowId":"SECCTRL.yml","runNumber":2078,"runName":"SECCTRL","runUrl":"https://github.td.com/TD-Enterprise-Eng/assurance/actions/runs/55441","testResults":[{"testResult":true},{"testResult":true}],"allTestsPassed":true},{"triggerRunId":"55434","uuid":"62597c2f-37df-4c8c-96c9-6d1c590c58bb","secctrlId":"SECCTRL-135-1","armSubscriptionName":"q3001","tdEnvironment":"qa","timestamp":"2022-04-07T07:00:47.869Z","workflowId":"SECCTRL.yml","runNumber":2079,"runName":"SECCTRL","runUrl":"https://github.td.com/TD-Enterprise-Eng/assurance/actions/runs/55442","testResults":[{"testResult":true},{"testResult":true},{"testResult":true}],"allTestsPassed":true},{"triggerRunId":"55434","uuid":"16cc1a0e-1a14-4b15-bc7d-ea3c2a07a95f","secctrlId":"SECCTRL-145-4","armSubscriptionName":"q3001","tdEnvironment":"qa","timestamp":"2022-04-07T07:00:48.303Z","workflowId":"SECCTRL.yml","runNumber":2080,"runName":"SECCTRL","runUrl":"https://github.td.com/TD-Enterprise-Eng/assurance/actions/runs/55443","error":"JSON.parse(...).filter is not a function","allTestsPassed":"JSON.parse(...).filter is not a function"},{"triggerRunId":"55434","uuid":"074580fb-ac5c-4998-b619-044c085868ab","secctrlId":"SECCTRL-145-5","armSubscriptionName":"q3001","tdEnvironment":"qa","timestamp":"2022-04-07T07:00:48.707Z","workflowId":"SECCTRL.yml","runNumber":2081,"runName":"SECCTRL","runUrl":"https://github.td.com/TD-Enterprise-Eng/assurance/actions/runs/55444","testResults":[{"testResult":true},{"testResult":true},{"testResult":true},{"testResult":true},{"testResult":true},{"testResult":true},{"testResult":true},{"testResult":true},{"testResult":true},{"testResult":true},{"testResult":true},{"testResult":true},{"testResult":true},{"testResult":true},{"testResult":true},{"testResult":true},{"testResult":true},{"testResult":true},{"testResult":true},{"testResult":true}],"allTestsPassed":true},{"triggerRunId":"55434","uuid":"639cd2f9-5ee5-4f1a-96bd-8b21ce12d47a","secctrlId":"SECCTRL-145-3","armSubscriptionName":"q3001","tdEnvironment":"qa","timestamp":"2022-04-07T07:00:49.137Z","workflowId":"SECCTRL.yml","runNumber":2082,"runName":"SECCTRL","runUrl":"https://github.td.com/TD-Enterprise-Eng/assurance/actions/runs/55445","error":"JSON.parse(...).filter is not a function","allTestsPassed":"JSON.parse(...).filter is not a function"}],"allTestsPassed":false},{"triggerRunId":"55433","uuid":"beb051f6-1c4c-46ad-9c6f-61ff8997ea28","secctrlIds":"SECCTRL-173-4,SECCTRL-173-20,SECCTRL-173-22,SECCTRL-173-21","armSubscriptionName":"k0108d","tdEnvironment":"kayman","timestamp":"2022-04-07T07:00:30.904Z","workflowId":"test-suite-assert.yml","runNumber":217,"runName":"Assurance Test Suite Assert","runUrl":"https://github.td.com/TD-Enterprise-Eng/assurance/actions/runs/55494","secctrls":[{"triggerRunId":"55435","uuid":"4612a57a-b105-4a7c-8d35-b2c407c232fe","secctrlId":"SECCTRL-173-4","armSubscriptionName":"k0108d","tdEnvironment":"kayman","timestamp":"2022-04-07T07:00:51.509Z","workflowId":"SECCTRL.yml","runNumber":2083,"runName":"SECCTRL","runUrl":"https://github.td.com/TD-Enterprise-Eng/assurance/actions/runs/55446","testResults":[{"testCase":"Subscription Contains Correctly Setup VM","testResult":true}],"allTestsPassed":true},{"triggerRunId":"55435","uuid":"48358560-97c9-40cc-9649-d2b6d324b562","secctrlId":"SECCTRL-173-20","armSubscriptionName":"k0108d","tdEnvironment":"kayman","timestamp":"2022-04-07T07:00:52.041Z","workflowId":"SECCTRL.yml","runNumber":2084,"runName":"SECCTRL","runUrl":"https://github.td.com/TD-Enterprise-Eng/assurance/actions/runs/55447","testResults":[{"testCase":"Vnet Approved Subnets","testResult":true},{"testCase":"Vnet NonApproved Subnets","testResult":false},{"testCase":"Vnet No Subnets","testResult":true}],"allTestsPassed":false},{"triggerRunId":"55435","uuid":"f438a980-861d-484e-a411-9046c7c23d68","secctrlId":"SECCTRL-173-22","armSubscriptionName":"k0108d","tdEnvironment":"kayman","timestamp":"2022-04-07T07:00:52.350Z","workflowId":"SECCTRL.yml","runNumber":2085,"runName":"SECCTRL","runUrl":"https://github.td.com/TD-Enterprise-Eng/assurance/actions/runs/55448","testResults":[{"testCase":"Network Interface Approved Attached","testResult":true},{"testCase":"Network Interface Approved Not Attached","testResult":true},{"testCase":"Network Interface Not Approved Attached","testResult":false}],"allTestsPassed":false},{"triggerRunId":"55435","uuid":"343a2396-0045-4eaa-8e22-3285a884551f","secctrlId":"SECCTRL-173-21","armSubscriptionName":"k0108d","tdEnvironment":"kayman","timestamp":"2022-04-07T07:00:52.700Z","workflowId":"SECCTRL.yml","runNumber":2086,"runName":"SECCTRL","runUrl":"https://github.td.com/TD-Enterprise-Eng/assurance/actions/runs/55449","testResults":[{"testCase":"Vnet1 Remote Gateway False","testResult":false},{"testCase":"Vnet1 Remote Gateway True","testResult":false},{"testCase":"Vnet2 Remote Gateway False","testResult":false},{"testCase":"Vnet2 Remote Gateway True","testResult":false},{"testCase":"Vnet Not Peered","testResult":false},{"testCase":"Vnet Peering Remote Gateway False","testResult":true},{"testCase":"Vnet Peering Remote Gateway True","testResult":false}],"allTestsPassed":false}],"allTestsPassed":false},{"triggerRunId":"55433","uuid":"d0cc2702-0052-464e-b3ab-fddb72818f48","secctrlIds":"SECCTRL-198-4,SECCTRL-32-2,SECCTRL-60-6,SECCTRL-60-7,SECCTRL-81-3,SECCTRL-165-1,SECCTRL-167-1,SECCTRL-168-1,SECCTRL-173-1,SECCTRL-173-2,SECCTRL-173-3,SECCTRL-173-5,SECCTRL-173-7,SECCTRL-173-9,SECCTRL-173-10,SECCTRL-173-11,SECCTRL-190-1,SECCTRL-200-3,SECCTRL-200-4,SECCTRL-2142-1,SECCTRL-2142-2,SECCTRL-3013-1,SECCTRL-3013-2,SECCTRL-3013-3,SECCTRL-3013-4,SECCTRL-3013-5,SECCTRL-3013-6,SECCTRL-3013-7,SECCTRL-3013-9,SECCTRL-3013-10,SECCTRL-3013-11,SECCTRL-3013-13,SECCTRL-3013-14,SECCTRL-3013-17,SECCTRL-3013-18,SECCTRL-3013-20,SECCTRL-3013-21,SECCTRL-4035-1,SECCTRL-4055-1","armSubscriptionName":"k0106d","tdEnvironment":"kayman","timestamp":"2022-04-07T07:00:31.479Z","workflowId":"test-suite-assert.yml","runNumber":218,"runName":"Assurance Test Suite Assert","runUrl":"https://github.td.com/TD-Enterprise-Eng/assurance/actions/runs/55517","secctrls":[{"triggerRunId":"55436","uuid":"7c25c3b0-15f3-4c8f-bc43-b8da6f086a2e","secctrlId":"SECCTRL-198-4","armSubscriptionName":"k0106d","tdEnvironment":"kayman","timestamp":"2022-04-07T07:00:52.853Z","workflowId":"SECCTRL.yml","runNumber":2087,"runName":"SECCTRL","runUrl":"https://github.td.com/TD-Enterprise-Eng/assurance/actions/runs/55450","testResults":[{"testCase":"Compliant NIC Inherited DNS","testResult":true},{"testCase":"NonCompliant NIC Custom DNS","testResult":false}],"allTestsPassed":false},{"triggerRunId":"55436","uuid":"5b878b5a-5966-4afc-85da-f132e0047ed6","secctrlId":"SECCTRL-32-2","armSubscriptionName":"k0106d","tdEnvironment":"kayman","timestamp":"2022-04-07T07:00:53.265Z","workflowId":"SECCTRL.yml","runNumber":2088,"runName":"SECCTRL","runUrl":"https://github.td.com/TD-Enterprise-Eng/assurance/actions/runs/55451","testResults":[{"testCase":"Compliant Functions App Deny Anonymous","testResult":true},{"testCase":"Non Compliant Functions App Allow Anonymous","testResult":true}],"allTestsPassed":true},{"triggerRunId":"55436","uuid":"706d59dc-b198-42fc-a541-a38118197874","secctrlId":"SECCTRL-60-6","armSubscriptionName":"k0106d","tdEnvironment":"kayman","timestamp":"2022-04-07T07:00:53.689Z","workflowId":"SECCTRL.yml","runNumber":2089,"runName":"SECCTRL","runUrl":"https://github.td.com/TD-Enterprise-Eng/assurance/actions/runs/55452","error":"getArtifact(): No matching artifact found before retries exceeded.","allTestsPassed":"getArtifact(): No matching artifact found before retries exceeded."},{"triggerRunId":"55436","uuid":"bd637f74-f94d-4211-b2e2-7fa1bdc5a168","secctrlId":"SECCTRL-60-7","armSubscriptionName":"k0106d","tdEnvironment":"kayman","timestamp":"2022-04-07T07:00:54.228Z","workflowId":"SECCTRL.yml","runNumber":2090,"runName":"SECCTRL","runUrl":"https://github.td.com/TD-Enterprise-Eng/assurance/actions/runs/55453","testResults":[{"testCase":"Resource On Ephemeral Resource Types List","testResult":true}],"allTestsPassed":true},{"triggerRunId":"55436","uuid":"cbb4c5bc-4286-4807-8fba-078dea10cb62","secctrlId":"SECCTRL-81-3","armSubscriptionName":"k0106d","tdEnvironment":"kayman","timestamp":"2022-04-07T07:00:54.750Z","workflowId":"SECCTRL.yml","runNumber":2091,"runName":"SECCTRL","runUrl":"https://github.td.com/TD-Enterprise-Eng/assurance/actions/runs/55454","error":"getArtifact(): No matching artifact found before retries exceeded.","allTestsPassed":"getArtifact(): No matching artifact found before retries exceeded."},{"triggerRunId":"55436","uuid":"2916a686-daf6-4e98-8626-ef15ade65246","secctrlId":"SECCTRL-165-1","armSubscriptionName":"k0106d","tdEnvironment":"kayman","timestamp":"2022-04-07T07:00:55.134Z","workflowId":"SECCTRL.yml","runNumber":2093,"runName":"SECCTRL","runUrl":"https://github.td.com/TD-Enterprise-Eng/assurance/actions/runs/55456","testResults":[{"testCase":"Compliant Nsg Correct Tags","testResult":true},{"testCase":"Compliant Vnet Correct Tags","testResult":true},{"testCase":"Non Compliant Nsg Incorrect Tags","testResult":true},{"testCase":"Non Compliant Vnet Incorrect Tags","testResult":true}],"allTestsPassed":true},{"triggerRunId":"55436","uuid":"4edf55f2-7746-4273-afaa-d6950cae8475","secctrlId":"SECCTRL-167-1","armSubscriptionName":"k0106d","tdEnvironment":"kayman","timestamp":"2022-04-07T07:00:55.552Z","workflowId":"SECCTRL.yml","runNumber":2094,"runName":"SECCTRL","runUrl":"https://github.td.com/TD-Enterprise-Eng/assurance/actions/runs/55457","testResults":[{"testCase":"Compliant - NSG contains any host and name is unapproved but access is set to deny","testResult":true},{"testCase":"Compliant - NSG contains any-host for source and destination, approved name","testResult":true},{"testCase":"Compliant - NSG does not contain any-host for source and destination, not approved name","testResult":true},{"testCase":"Non-Compliant - NSG does contain any-host for destination, not approved name","testResult":true},{"testCase":"Non-Compliant - NSG does contain any-host for source, not approved name","testResult":true}],"allTestsPassed":true},{"triggerRunId":"55436","uuid":"1106588b-b70d-4ddc-87af-f61eebabf507","secctrlId":"SECCTRL-168-1","armSubscriptionName":"k0106d","tdEnvironment":"kayman","timestamp":"2022-04-07T07:00:56.102Z","workflowId":"SECCTRL.yml","runNumber":2095,"runName":"SECCTRL","runUrl":"https://github.td.com/TD-Enterprise-Eng/assurance/actions/runs/55458","testResults":[{"testCase":"Compliant NSG Any With Deny Rule","testResult":true},{"testCase":"Compliant NSG No Anys Rule","testResult":true},{"testCase":"Compliant NSG No Rule","testResult":true},{"testCase":"Compliant NSG Permitted Name Rule","testResult":true},{"testCase":"NonCompliant NSG Any Port Rule","testResult":true},{"testCase":"NonCompliant NSG Any Protocol Rule","testResult":true},{"testCase":"NonCompliant NSG Full Port Range Rule","testResult":true}],"allTestsPassed":true},{"triggerRunId":"55436","uuid":"bfeee696-6826-47e0-9d63-4f1a6f28da2a","secctrlId":"SECCTRL-173-1","armSubscriptionName":"k0106d","tdEnvironment":"kayman","timestamp":"2022-04-07T07:00:56.829Z","workflowId":"SECCTRL.yml","runNumber":2096,"runName":"SECCTRL","runUrl":"https://github.td.com/TD-Enterprise-Eng/assurance/actions/runs/55459","testResults":[{"testCase":"Assurance Policy Exception","testResult":true},{"testCase":"Non Compliant Subnet","testResult":true},{"testCase":"One Compliant Subnet","testResult":true},{"testCase":"Two Compliant Subnets","testResult":true},{"testCase":"Two Mixed Compliant Subnets","testResult":true},{"testCase":"Two Non Compliant Subnets","testResult":true}],"allTestsPassed":true},{"triggerRunId":"55436","uuid":"f7b9426f-e5da-4520-8b28-0cb56d5d7b69","secctrlId":"SECCTRL-173-2","armSubscriptionName":"k0106d","tdEnvironment":"kayman","timestamp":"2022-04-07T07:00:57.298Z","workflowId":"SECCTRL.yml","runNumber":2097,"runName":"SECCTRL","runUrl":"https://github.td.com/TD-Enterprise-Eng/assurance/actions/runs/55460","testResults":[{"testCase":"Subnet Exact Matching Name","testResult":true},{"testCase":"Subnet Starts With Name","testResult":true},{"testCase":"Vnet No Subnets","testResult":true},{"testCase":"Vnet With Compliant Subnets","testResult":true},{"testCase":"Vnet With NonCompliant Subnet Not Exact Match","testResult":true},{"testCase":"Vnet With NonCompliant Subnet Wrong Prefix","testResult":true}],"allTestsPassed":true},{"triggerRunId":"55436","uuid":"20a957fb-9d48-49eb-83fb-100d57608467","secctrlId":"SECCTRL-173-3","armSubscriptionName":"k0106d","tdEnvironment":"kayman","timestamp":"2022-04-07T07:00:57.765Z","workflowId":"SECCTRL.yml","runNumber":2098,"runName":"SECCTRL","runUrl":"https://github.td.com/TD-Enterprise-Eng/assurance/actions/runs/55461","testResults":[{"testCase":"Hub Vnet Peered To Spoke Vnet","testResult":true},{"testCase":"Spoke Vnet Peered To Approved Hub Vnet","testResult":true},{"testCase":"Vnet Not Peered","testResult":true},{"testCase":"Vnet Peering Hub To Spoke Vnet","testResult":true},{"testCase":"Vnet Peering Spoke To Approved Hub Vnet","testResult":true}],"allTestsPassed":true},{"triggerRunId":"55436","uuid":"21af2949-696c-4ab4-a0a5-2d01230fd103","secctrlId":"SECCTRL-173-5","armSubscriptionName":"k0106d","tdEnvironment":"kayman","timestamp":"2022-04-07T07:00:58.247Z","workflowId":"SECCTRL.yml","runNumber":2099,"runName":"SECCTRL","runUrl":"https://github.td.com/TD-Enterprise-Eng/assurance/actions/runs/55462","testResults":[{"testCase":"Compliant addr prefix exception","testResult":true},{"testCase":"Non compliant Route - Invalid Hop Address","testResult":true},{"testCase":"Route Table Compliant hop to NVA","testResult":true}],"allTestsPassed":true},{"triggerRunId":"55436","uuid":"74ba467b-2b7e-4d84-a87c-c02417c7d9b7","secctrlId":"SECCTRL-173-7","armSubscriptionName":"k0106d","tdEnvironment":"kayman","timestamp":"2022-04-07T07:00:58.780Z","workflowId":"SECCTRL.yml","runNumber":2100,"runName":"SECCTRL","runUrl":"https://github.td.com/TD-Enterprise-Eng/assurance/actions/runs/55463","testResults":[{"testCase":"Subnet With NsgRule Access Allow","testResult":true},{"testCase":"Subnet With NsgRule All Conditions Match","testResult":true},{"testCase":"Subnet With NsgRule Source AzureLoadBalancer","testResult":true},{"testCase":"Subnet With NsgRule Source Prefix Mismatch","testResult":true},{"testCase":"Subnet With NsgRule Source VirtualNetwork","testResult":true},{"testCase":"Subnet With NsgRule Wrong Direction","testResult":true},{"testCase":"Subnet With NsgRule Wrong Protocol","testResult":true}],"allTestsPassed":true},{"triggerRunId":"55436","uuid":"7860b82a-52fa-461c-a911-f1a0f07b6c43","secctrlId":"SECCTRL-173-9","armSubscriptionName":"k0106d","tdEnvironment":"kayman","timestamp":"2022-04-07T07:00:59.325Z","workflowId":"SECCTRL.yml","runNumber":2101,"runName":"SECCTRL","runUrl":"https://github.td.com/TD-Enterprise-Eng/assurance/actions/runs/55464","testResults":[{"testCase":"Subnet With NsgRule Access Allow","testResult":true},{"testCase":"Subnet With NsgRule All Conditions Match","testResult":true},{"testCase":"Subnet With NsgRule Dest AzureLoadBalancer","testResult":true},{"testCase":"Subnet With NsgRule Dest Prefix Mismatch","testResult":true},{"testCase":"Subnet With NsgRule Dest VirtualNetwork","testResult":true},{"testCase":"Subnet With NsgRule Wrong Direction","testResult":true},{"testCase":"Subnet With NsgRule Wrong Protocol","testResult":true}],"allTestsPassed":true},{"triggerRunId":"55436","uuid":"3e214976-0dcd-4c4d-8c6f-1ef6cf31647b","secctrlId":"SECCTRL-173-10","armSubscriptionName":"k0106d","tdEnvironment":"kayman","timestamp":"2022-04-07T07:00:59.955Z","workflowId":"SECCTRL.yml","runNumber":2102,"runName":"SECCTRL","runUrl":"https://github.td.com/TD-Enterprise-Eng/assurance/actions/runs/55465","testResults":[{"testCase":"Vnet With Subnet No Service Endpoint Assigned","testResult":false},{"testCase":"Vnet With Subnet Service Endpoint Assigned","testResult":false}],"allTestsPassed":false},{"triggerRunId":"55436","uuid":"dc478879-d561-4b7e-a35a-02215bd12127","secctrlId":"SECCTRL-173-11","armSubscriptionName":"k0106d","tdEnvironment":"kayman","timestamp":"2022-04-07T07:01:00.615Z","workflowId":"SECCTRL.yml","runNumber":2103,"runName":"SECCTRL","runUrl":"https://github.td.com/TD-Enterprise-Eng/assurance/actions/runs/55466","testResults":[{"testCase":"Route Table BGP Disabled","testResult":true},{"testCase":"Route Table BGP Enabled","testResult":true}],"allTestsPassed":true},{"triggerRunId":"55436","uuid":"76ac2ed8-77f5-44a5-9706-aab785bdf2e1","secctrlId":"SECCTRL-190-1","armSubscriptionName":"k0106d","tdEnvironment":"kayman","timestamp":"2022-04-07T07:01:01.215Z","workflowId":"SECCTRL.yml","runNumber":2104,"runName":"SECCTRL","runUrl":"https://github.td.com/TD-Enterprise-Eng/assurance/actions/runs/55467","error":"getArtifact(): No matching artifact found before retries exceeded.","allTestsPassed":"getArtifact(): No matching artifact found before retries exceeded."},{"triggerRunId":"55436","uuid":"b46e8734-2346-43ae-ad06-d77abb21d42e","secctrlId":"SECCTRL-200-3","armSubscriptionName":"k0106d","tdEnvironment":"kayman","timestamp":"2022-04-07T07:01:02.051Z","workflowId":"SECCTRL.yml","runNumber":2105,"runName":"SECCTRL","runUrl":"https://github.td.com/TD-Enterprise-Eng/assurance/actions/runs/55468","testResults":[{"testCase":"Compliant Public Ip Address","testResult":true},{"testCase":"Non Compliant Public Ip Address","testResult":true}],"allTestsPassed":true},{"triggerRunId":"55436","uuid":"d492cddc-252e-4eae-ac0c-1de5dc4391ae","secctrlId":"SECCTRL-200-4","armSubscriptionName":"k0106d","tdEnvironment":"kayman","timestamp":"2022-04-07T07:01:02.479Z","workflowId":"SECCTRL.yml","runNumber":2106,"runName":"SECCTRL","runUrl":"https://github.td.com/TD-Enterprise-Eng/assurance/actions/runs/55469","error":"getArtifact(): No matching artifact found before retries exceeded.","allTestsPassed":"getArtifact(): No matching artifact found before retries exceeded."},{"triggerRunId":"55436","uuid":"86ed8ebb-f050-4262-890e-31d6247a2cf3","secctrlId":"SECCTRL-2142-1","armSubscriptionName":"k0106d","tdEnvironment":"kayman","timestamp":"2022-04-07T07:01:03.127Z","workflowId":"SECCTRL.yml","runNumber":2107,"runName":"SECCTRL","runUrl":"https://github.td.com/TD-Enterprise-Eng/assurance/actions/runs/55470","error":"getArtifact(): No matching artifact found before retries exceeded.","allTestsPassed":"getArtifact(): No matching artifact found before retries exceeded."},{"triggerRunId":"55436","uuid":"9d6d441c-3529-4c44-9782-6dc745add8dd","secctrlId":"SECCTRL-2142-2","armSubscriptionName":"k0106d","tdEnvironment":"kayman","timestamp":"2022-04-07T07:01:03.671Z","workflowId":"SECCTRL.yml","runNumber":2108,"runName":"SECCTRL","runUrl":"https://github.td.com/TD-Enterprise-Eng/assurance/actions/runs/55471","error":"getArtifact(): No matching artifact found before retries exceeded.","allTestsPassed":"getArtifact(): No matching artifact found before retries exceeded."},{"triggerRunId":"55436","uuid":"f42eee66-6493-4fff-9670-351f50e5d26b","secctrlId":"SECCTRL-3013-1","armSubscriptionName":"k0106d","tdEnvironment":"kayman","timestamp":"2022-04-07T07:01:04.073Z","workflowId":"SECCTRL.yml","runNumber":2109,"runName":"SECCTRL","runUrl":"https://github.td.com/TD-Enterprise-Eng/assurance/actions/runs/55472","error":"getArtifact(): No matching artifact found before retries exceeded.","allTestsPassed":"getArtifact(): No matching artifact found before retries exceeded."},{"triggerRunId":"55436","uuid":"8ab1261f-8f37-449e-a9c8-adbba36ce6bc","secctrlId":"SECCTRL-3013-2","armSubscriptionName":"k0106d","tdEnvironment":"kayman","timestamp":"2022-04-07T07:01:04.646Z","workflowId":"SECCTRL.yml","runNumber":2110,"runName":"SECCTRL","runUrl":"https://github.td.com/TD-Enterprise-Eng/assurance/actions/runs/55473","testResults":[{"testCase":"Compliant for SQL","testResult":true},{"testCase":"Non Compliant for SQL","testResult":true}],"allTestsPassed":true},{"triggerRunId":"55436","uuid":"015313a4-3afa-42e5-9962-5a1835d566ec","secctrlId":"SECCTRL-3013-3","armSubscriptionName":"k0106d","tdEnvironment":"kayman","timestamp":"2022-04-07T07:01:05.048Z","workflowId":"SECCTRL.yml","runNumber":2112,"runName":"SECCTRL","runUrl":"https://github.td.com/TD-Enterprise-Eng/assurance/actions/runs/55475","testResults":[{"testCase":"Compliant Data Factory - Public network is disabled","testResult":true},{"testCase":"Non Compliant Data Factory - Public network is enabled","testResult":true}],"allTestsPassed":true},{"triggerRunId":"55436","uuid":"a474a8e2-5e72-45da-b460-f601a2c024f6","secctrlId":"SECCTRL-3013-4","armSubscriptionName":"k0106d","tdEnvironment":"kayman","timestamp":"2022-04-07T07:01:05.601Z","workflowId":"SECCTRL.yml","runNumber":2111,"runName":"SECCTRL","runUrl":"https://github.td.com/TD-Enterprise-Eng/assurance/actions/runs/55474","testResults":[{"testCase":"Compliant Azure Event Grid - private network access","testResult":false},{"testCase":"Non Compliant Azure Event Grid - enabled explictly","testResult":true},{"testCase":"Non Compliant Azure Event Grid - enabled implicitly","testResult":true}],"allTestsPassed":false},{"triggerRunId":"55436","uuid":"6c181cac-7231-458d-b80d-577c95005ce7","secctrlId":"SECCTRL-3013-5","armSubscriptionName":"k0106d","tdEnvironment":"kayman","timestamp":"2022-04-07T07:01:05.925Z","workflowId":"SECCTRL.yml","runNumber":2113,"runName":"SECCTRL","runUrl":"https://github.td.com/TD-Enterprise-Eng/assurance/actions/runs/55476","testResults":[{"testCase":"Compliant - Event Grid Topic public network access disabled ","testResult":true},{"testCase":"NonCompliant - Event Grid Topic public network access enabled","testResult":true},{"testCase":"NonCompliant - Event Grid Topic public network access enabled (implicit)","testResult":true}],"allTestsPassed":true},{"triggerRunId":"55436","uuid":"6f06f11d-bae2-4c1d-93ed-ca3542a67efc","secctrlId":"SECCTRL-3013-6","armSubscriptionName":"k0106d","tdEnvironment":"kayman","timestamp":"2022-04-07T07:01:06.412Z","workflowId":"SECCTRL.yml","runNumber":2114,"runName":"SECCTRL","runUrl":"https://github.td.com/TD-Enterprise-Eng/assurance/actions/runs/55477","testResults":[{"testCase":"Compliant Container Registry - Public Access Disabled","testResult":true},{"testCase":"Noncompliant Container Registry - Public Access Enabled","testResult":true},{"testCase":"Noncompliant Container Registry - Public Access Enabled (default value)","testResult":true}],"allTestsPassed":true},{"triggerRunId":"55436","uuid":"4dedfdbc-a9a0-40b1-b400-8b72d6738e20","secctrlId":"SECCTRL-3013-7","armSubscriptionName":"k0106d","tdEnvironment":"kayman","timestamp":"2022-04-07T07:01:06.868Z","workflowId":"SECCTRL.yml","runNumber":2115,"runName":"SECCTRL","runUrl":"https://github.td.com/TD-Enterprise-Eng/assurance/actions/runs/55478","testResults":[{"testCase":"APIM Uses External Approved Vnet","testResult":true},{"testCase":"APIM Uses External NonApproved Vnet","testResult":true},{"testCase":"APIM Uses Internal Approved Vnet","testResult":true},{"testCase":"APIM Uses Internal NonApproved Vnet","testResult":true}],"allTestsPassed":true},{"triggerRunId":"55436","uuid":"3d887ea3-687c-4243-a05e-84becab7cc6f","secctrlId":"SECCTRL-3013-9","armSubscriptionName":"k0106d","tdEnvironment":"kayman","timestamp":"2022-04-07T07:01:07.554Z","workflowId":"SECCTRL.yml","runNumber":2116,"runName":"SECCTRL","runUrl":"https://github.td.com/TD-Enterprise-Eng/assurance/actions/runs/55479","error":"getArtifact(): No matching artifact found before retries exceeded.","allTestsPassed":"getArtifact(): No matching artifact found before retries exceeded."},{"triggerRunId":"55436","uuid":"ce1f9eca-9911-415d-9ff4-1b8bbc5fec12","secctrlId":"SECCTRL-3013-10","armSubscriptionName":"k0106d","tdEnvironment":"kayman","timestamp":"2022-04-07T07:01:08.269Z","workflowId":"SECCTRL.yml","runNumber":2117,"runName":"SECCTRL","runUrl":"https://github.td.com/TD-Enterprise-Eng/assurance/actions/runs/55480","testResults":[{"testCase":"EventHub With No Private Endpoint","testResult":true},{"testCase":"EventHub With Private Endpoint In Approved Status","testResult":true},{"testCase":"EventHub With Private Endpoint In Pending Status","testResult":true}],"allTestsPassed":true},{"triggerRunId":"55436","uuid":"d3cff0ff-f3e5-4fe3-bdcd-a4f82b5a66cb","secctrlId":"SECCTRL-3013-11","armSubscriptionName":"k0106d","tdEnvironment":"kayman","timestamp":"2022-04-07T07:01:08.737Z","workflowId":"SECCTRL.yml","runNumber":2118,"runName":"SECCTRL","runUrl":"https://github.td.com/TD-Enterprise-Eng/assurance/actions/runs/55481","testResults":[{"testCase":"Compliant EventHub Namespace default action deny and VNet Rule","testResult":true},{"testCase":"Compliant EventHub Namespace default action deny and Vnet Rule with Vnet ServiceEndpoint is False","testResult":true},{"testCase":"Non Compliant EventHub Namespace default action allow","testResult":true},{"testCase":"Non Compliant EventHub Namespace default action allow and VNet Rule","testResult":true},{"testCase":"Non Compliant EventHub Namespace default action allow and Vnet Rule with Vnet ServiceEndpoint is false","testResult":true},{"testCase":"Non Compliant EventHub Namespace default action deny","testResult":true}],"allTestsPassed":true},{"triggerRunId":"55436","uuid":"2258a866-91f8-4c8d-9837-d85dbb25bebc","secctrlId":"SECCTRL-3013-13","armSubscriptionName":"k0106d","tdEnvironment":"kayman","timestamp":"2022-04-07T07:01:09.208Z","workflowId":"SECCTRL.yml","runNumber":2119,"runName":"SECCTRL","runUrl":"https://github.td.com/TD-Enterprise-Eng/assurance/actions/runs/55482","testResults":[{"testCase":"Compliant - Synapse Workspace with approved Private Endpoint","testResult":true},{"testCase":"Compliant - Synapse Workspace with pending Private Endpoint","testResult":true},{"testCase":"Non Compliant - Synapse Workspace without Private Endpoint","testResult":true}],"allTestsPassed":true},{"triggerRunId":"55436","uuid":"411b78e1-fe71-4a93-a4d8-3bb40721fc86","secctrlId":"SECCTRL-3013-14","armSubscriptionName":"k0106d","tdEnvironment":"kayman","timestamp":"2022-04-07T07:01:09.729Z","workflowId":"SECCTRL.yml","runNumber":2120,"runName":"SECCTRL","runUrl":"https://github.td.com/TD-Enterprise-Eng/assurance/actions/runs/55484","testResults":[{"testCase":"MSSQL Server No PrivateEndpoint","testResult":true},{"testCase":"MSSQL Server PrivateEndpoint Approved Status","testResult":true},{"testCase":"MSSQL Server PrivateEndpoint Pending Status","testResult":true}],"allTestsPassed":true},{"triggerRunId":"55436","uuid":"5e6cc4ee-265c-4a72-8e72-54de8382a9e5","secctrlId":"SECCTRL-3013-17","armSubscriptionName":"k0106d","tdEnvironment":"kayman","timestamp":"2022-04-07T07:01:10.363Z","workflowId":"SECCTRL.yml","runNumber":2121,"runName":"SECCTRL","runUrl":"https://github.td.com/TD-Enterprise-Eng/assurance/actions/runs/55485","error":"getArtifact(): No matching artifact found before retries exceeded.","allTestsPassed":"getArtifact(): No matching artifact found before retries exceeded."},{"triggerRunId":"55436","uuid":"8c028961-7ecd-44dc-ad09-675298fb6915","secctrlId":"SECCTRL-3013-18","armSubscriptionName":"k0106d","tdEnvironment":"kayman","timestamp":"2022-04-07T07:01:10.975Z","workflowId":"SECCTRL.yml","runNumber":2122,"runName":"SECCTRL","runUrl":"https://github.td.com/TD-Enterprise-Eng/assurance/actions/runs/55486","testResults":[{"testCase":"Compliant - ML Workspace with approved private endpoint connection","testResult":false},{"testCase":"Compliant - ML Workspace with pending private endpoint connection","testResult":false},{"testCase":"Non Compliant - ML Workspace without private endpoint connection","testResult":true}],"allTestsPassed":false},{"triggerRunId":"55436","uuid":"8031b1a2-b6ed-4296-8301-d16aceaf9202","secctrlId":"SECCTRL-3013-20","armSubscriptionName":"k0106d","tdEnvironment":"kayman","timestamp":"2022-04-07T07:01:11.620Z","workflowId":"SECCTRL.yml","runNumber":2123,"runName":"SECCTRL","runUrl":"https://github.td.com/TD-Enterprise-Eng/assurance/actions/runs/55487","error":"getArtifact(): No matching artifact found before retries exceeded.","allTestsPassed":"getArtifact(): No matching artifact found before retries exceeded."},{"triggerRunId":"55436","uuid":"027c139d-a8f6-4a1a-a4c9-7306c1bbfcce","secctrlId":"SECCTRL-3013-21","armSubscriptionName":"k0106d","tdEnvironment":"kayman","timestamp":"2022-04-07T07:01:12.114Z","workflowId":"SECCTRL.yml","runNumber":2124,"runName":"SECCTRL","runUrl":"https://github.td.com/TD-Enterprise-Eng/assurance/actions/runs/55488","error":"getArtifact(): No matching artifact found before retries exceeded.","allTestsPassed":"getArtifact(): No matching artifact found before retries exceeded."},{"triggerRunId":"55436","uuid":"9c77c4ae-1850-4b1d-aaa3-7b2bfd5f7c20","secctrlId":"SECCTRL-4035-1","armSubscriptionName":"k0106d","tdEnvironment":"kayman","timestamp":"2022-04-07T07:01:12.644Z","workflowId":"SECCTRL.yml","runNumber":2125,"runName":"SECCTRL","runUrl":"https://github.td.com/TD-Enterprise-Eng/assurance/actions/runs/55489","testResults":[{"testCase":"Databricks Workspace - No Public Ip is false - NonCompliant","testResult":true},{"testCase":"Databricks Workspace - No Public IP is not set - defaults to false - NonCompliant","testResult":true},{"testCase":"Databricks Workspace - No Public Ip is true - Compliant","testResult":true}],"allTestsPassed":true},{"triggerRunId":"55436","uuid":"ccf531b3-5fe1-4d8f-8a32-d21d8bfe85d5","secctrlId":"SECCTRL-4055-1","armSubscriptionName":"k0106d","tdEnvironment":"kayman","timestamp":"2022-04-07T07:01:13.085Z","workflowId":"SECCTRL.yml","runNumber":2126,"runName":"SECCTRL","runUrl":"https://github.td.com/TD-Enterprise-Eng/assurance/actions/runs/55490","testResults":[{"testCase":"Compliant Container Registry","testResult":true},{"testCase":"Non Compliant Container Registry","testResult":true}],"allTestsPassed":true}],"allTestsPassed":false},{"triggerRunId":"55433","uuid":"2d370457-5b29-4a0e-a032-b3eaab185356","secctrlIds":"SECCTRL-173-54","armSubscriptionName":"k0143d","tdEnvironment":"kayman","timestamp":"2022-04-07T07:00:32.051Z","workflowId":"test-suite-assert.yml","runNumber":216,"runName":"Assurance Test Suite Assert","runUrl":"https://github.td.com/TD-Enterprise-Eng/assurance/actions/runs/55493","secctrls":[{"triggerRunId":"55437","uuid":"847edee0-0de5-4f97-8619-e188d33dfbc4","secctrlId":"SECCTRL-173-54","armSubscriptionName":"k0143d","tdEnvironment":"kayman","timestamp":"2022-04-07T07:00:54.586Z","workflowId":"SECCTRL.yml","runNumber":2092,"runName":"SECCTRL","runUrl":"https://github.td.com/TD-Enterprise-Eng/assurance/actions/runs/55455","testResults":[{"testCase":"Compliant - Route table with multiple UDR approved CIDR address prefix","testResult":true},{"testCase":"Compliant - Route table with single UDR approved CIDR address prefix","testResult":true},{"testCase":"Non Compliant - Route table with mixed address prefix - approved CIDR and not approved tag","testResult":true},{"testCase":"Non Compliant - Route table with mixed approved/not-approved CIDR address prefix","testResult":true},{"testCase":"Non Compliant - Route Table with multiple not approved CIDR address prefix","testResult":true},{"testCase":"Non Compliant - Route table with not approved CIDR address prefix","testResult":true},{"testCase":"Non Compliant - Route table with single not approved tag address prefix ","testResult":true}],"allTestsPassed":true}],"allTestsPassed":true}]