TestSuiteRun,TestSuiteRunUrl,Environment,Subscription,TestSuiteTestResult,ControlRun,ControlRunUrl,Control,ControlTestResult
Assurance Test Suite Assert #219,https://github.td.com/TD-Enterprise-Eng/assurance/actions/runs/55518,qa,q3001,false,Control Run #2075,https://github.td.com/TD-Enterprise-Eng/assurance/actions/runs/55438,SECCTRL-32-1,true
Assurance Test Suite Assert #219,https://github.td.com/TD-Enterprise-Eng/assurance/actions/runs/55518,qa,q3001,false,Control Run #2076,https://github.td.com/TD-Enterprise-Eng/assurance/actions/runs/55439,SECCTRL-95-6,true
Assurance Test Suite Assert #219,https://github.td.com/TD-Enterprise-Eng/assurance/actions/runs/55518,qa,q3001,false,Control Run #2077,https://github.td.com/TD-Enterprise-Eng/assurance/actions/runs/55440,SECCTRL-2136-1,getArtifact(): No matching artifact found before retries exceeded.
Assurance Test Suite Assert #219,https://github.td.com/TD-Enterprise-Eng/assurance/actions/runs/55518,qa,q3001,false,Control Run #2078,https://github.td.com/TD-Enterprise-Eng/assurance/actions/runs/55441,SECCTRL-2103-2,true
Assurance Test Suite Assert #219,https://github.td.com/TD-Enterprise-Eng/assurance/actions/runs/55518,qa,q3001,false,Control Run #2079,https://github.td.com/TD-Enterprise-Eng/assurance/actions/runs/55442,SECCTRL-135-1,true
Assurance Test Suite Assert #219,https://github.td.com/TD-Enterprise-Eng/assurance/actions/runs/55518,qa,q3001,false,Control Run #2080,https://github.td.com/TD-Enterprise-Eng/assurance/actions/runs/55443,SECCTRL-145-4,JSON.parse(...).filter is not a function
Assurance Test Suite Assert #219,https://github.td.com/TD-Enterprise-Eng/assurance/actions/runs/55518,qa,q3001,false,Control Run #2081,https://github.td.com/TD-Enterprise-Eng/assurance/actions/runs/55444,SECCTRL-145-5,true
Assurance Test Suite Assert #219,https://github.td.com/TD-Enterprise-Eng/assurance/actions/runs/55518,qa,q3001,false,Control Run #2082,https://github.td.com/TD-Enterprise-Eng/assurance/actions/runs/55445,SECCTRL-145-3,JSON.parse(...).filter is not a function
Assurance Test Suite Assert #217,https://github.td.com/TD-Enterprise-Eng/assurance/actions/runs/55494,kayman,k0108d,false,Control Run #2083,https://github.td.com/TD-Enterprise-Eng/assurance/actions/runs/55446,SECCTRL-173-4,true
Assurance Test Suite Assert #217,https://github.td.com/TD-Enterprise-Eng/assurance/actions/runs/55494,kayman,k0108d,false,Control Run #2084,https://github.td.com/TD-Enterprise-Eng/assurance/actions/runs/55447,SECCTRL-173-20,false
Assurance Test Suite Assert #217,https://github.td.com/TD-Enterprise-Eng/assurance/actions/runs/55494,kayman,k0108d,false,Control Run #2085,https://github.td.com/TD-Enterprise-Eng/assurance/actions/runs/55448,SECCTRL-173-22,false
Assurance Test Suite Assert #217,https://github.td.com/TD-Enterprise-Eng/assurance/actions/runs/55494,kayman,k0108d,false,Control Run #2086,https://github.td.com/TD-Enterprise-Eng/assurance/actions/runs/55449,SECCTRL-173-21,false
Assurance Test Suite Assert #218,https://github.td.com/TD-Enterprise-Eng/assurance/actions/runs/55517,kayman,k0106d,false,Control Run #2087,https://github.td.com/TD-Enterprise-Eng/assurance/actions/runs/55450,SECCTRL-198-4,false
Assurance Test Suite Assert #218,https://github.td.com/TD-Enterprise-Eng/assurance/actions/runs/55517,kayman,k0106d,false,Control Run #2088,https://github.td.com/TD-Enterprise-Eng/assurance/actions/runs/55451,SECCTRL-32-2,true
Assurance Test Suite Assert #218,https://github.td.com/TD-Enterprise-Eng/assurance/actions/runs/55517,kayman,k0106d,false,Control Run #2089,https://github.td.com/TD-Enterprise-Eng/assurance/actions/runs/55452,SECCTRL-60-6,getArtifact(): No matching artifact found before retries exceeded.
Assurance Test Suite Assert #218,https://github.td.com/TD-Enterprise-Eng/assurance/actions/runs/55517,kayman,k0106d,false,Control Run #2090,https://github.td.com/TD-Enterprise-Eng/assurance/actions/runs/55453,SECCTRL-60-7,true
Assurance Test Suite Assert #218,https://github.td.com/TD-Enterprise-Eng/assurance/actions/runs/55517,kayman,k0106d,false,Control Run #2091,https://github.td.com/TD-Enterprise-Eng/assurance/actions/runs/55454,SECCTRL-81-3,getArtifact(): No matching artifact found before retries exceeded.
Assurance Test Suite Assert #218,https://github.td.com/TD-Enterprise-Eng/assurance/actions/runs/55517,kayman,k0106d,false,Control Run #2093,https://github.td.com/TD-Enterprise-Eng/assurance/actions/runs/55456,SECCTRL-165-1,true
Assurance Test Suite Assert #218,https://github.td.com/TD-Enterprise-Eng/assurance/actions/runs/55517,kayman,k0106d,false,Control Run #2094,https://github.td.com/TD-Enterprise-Eng/assurance/actions/runs/55457,SECCTRL-167-1,true
Assurance Test Suite Assert #218,https://github.td.com/TD-Enterprise-Eng/assurance/actions/runs/55517,kayman,k0106d,false,Control Run #2095,https://github.td.com/TD-Enterprise-Eng/assurance/actions/runs/55458,SECCTRL-168-1,true
Assurance Test Suite Assert #218,https://github.td.com/TD-Enterprise-Eng/assurance/actions/runs/55517,kayman,k0106d,false,Control Run #2096,https://github.td.com/TD-Enterprise-Eng/assurance/actions/runs/55459,SECCTRL-173-1,true
Assurance Test Suite Assert #218,https://github.td.com/TD-Enterprise-Eng/assurance/actions/runs/55517,kayman,k0106d,false,Control Run #2097,https://github.td.com/TD-Enterprise-Eng/assurance/actions/runs/55460,SECCTRL-173-2,true
Assurance Test Suite Assert #218,https://github.td.com/TD-Enterprise-Eng/assurance/actions/runs/55517,kayman,k0106d,false,Control Run #2098,https://github.td.com/TD-Enterprise-Eng/assurance/actions/runs/55461,SECCTRL-173-3,true
Assurance Test Suite Assert #218,https://github.td.com/TD-Enterprise-Eng/assurance/actions/runs/55517,kayman,k0106d,false,Control Run #2099,https://github.td.com/TD-Enterprise-Eng/assurance/actions/runs/55462,SECCTRL-173-5,true
Assurance Test Suite Assert #218,https://github.td.com/TD-Enterprise-Eng/assurance/actions/runs/55517,kayman,k0106d,false,Control Run #2100,https://github.td.com/TD-Enterprise-Eng/assurance/actions/runs/55463,SECCTRL-173-7,true
Assurance Test Suite Assert #218,https://github.td.com/TD-Enterprise-Eng/assurance/actions/runs/55517,kayman,k0106d,false,Control Run #2101,https://github.td.com/TD-Enterprise-Eng/assurance/actions/runs/55464,SECCTRL-173-9,true
Assurance Test Suite Assert #218,https://github.td.com/TD-Enterprise-Eng/assurance/actions/runs/55517,kayman,k0106d,false,Control Run #2102,https://github.td.com/TD-Enterprise-Eng/assurance/actions/runs/55465,SECCTRL-173-10,false
Assurance Test Suite Assert #218,https://github.td.com/TD-Enterprise-Eng/assurance/actions/runs/55517,kayman,k0106d,false,Control Run #2103,https://github.td.com/TD-Enterprise-Eng/assurance/actions/runs/55466,SECCTRL-173-11,true
Assurance Test Suite Assert #218,https://github.td.com/TD-Enterprise-Eng/assurance/actions/runs/55517,kayman,k0106d,false,Control Run #2104,https://github.td.com/TD-Enterprise-Eng/assurance/actions/runs/55467,SECCTRL-190-1,getArtifact(): No matching artifact found before retries exceeded.
Assurance Test Suite Assert #218,https://github.td.com/TD-Enterprise-Eng/assurance/actions/runs/55517,kayman,k0106d,false,Control Run #2105,https://github.td.com/TD-Enterprise-Eng/assurance/actions/runs/55468,SECCTRL-200-3,true
Assurance Test Suite Assert #218,https://github.td.com/TD-Enterprise-Eng/assurance/actions/runs/55517,kayman,k0106d,false,Control Run #2106,https://github.td.com/TD-Enterprise-Eng/assurance/actions/runs/55469,SECCTRL-200-4,getArtifact(): No matching artifact found before retries exceeded.
Assurance Test Suite Assert #218,https://github.td.com/TD-Enterprise-Eng/assurance/actions/runs/55517,kayman,k0106d,false,Control Run #2107,https://github.td.com/TD-Enterprise-Eng/assurance/actions/runs/55470,SECCTRL-2142-1,getArtifact(): No matching artifact found before retries exceeded.
Assurance Test Suite Assert #218,https://github.td.com/TD-Enterprise-Eng/assurance/actions/runs/55517,kayman,k0106d,false,Control Run #2108,https://github.td.com/TD-Enterprise-Eng/assurance/actions/runs/55471,SECCTRL-2142-2,getArtifact(): No matching artifact found before retries exceeded.
Assurance Test Suite Assert #218,https://github.td.com/TD-Enterprise-Eng/assurance/actions/runs/55517,kayman,k0106d,false,Control Run #2109,https://github.td.com/TD-Enterprise-Eng/assurance/actions/runs/55472,SECCTRL-3013-1,getArtifact(): No matching artifact found before retries exceeded.
Assurance Test Suite Assert #218,https://github.td.com/TD-Enterprise-Eng/assurance/actions/runs/55517,kayman,k0106d,false,Control Run #2110,https://github.td.com/TD-Enterprise-Eng/assurance/actions/runs/55473,SECCTRL-3013-2,true
Assurance Test Suite Assert #218,https://github.td.com/TD-Enterprise-Eng/assurance/actions/runs/55517,kayman,k0106d,false,Control Run #2112,https://github.td.com/TD-Enterprise-Eng/assurance/actions/runs/55475,SECCTRL-3013-3,true
Assurance Test Suite Assert #218,https://github.td.com/TD-Enterprise-Eng/assurance/actions/runs/55517,kayman,k0106d,false,Control Run #2111,https://github.td.com/TD-Enterprise-Eng/assurance/actions/runs/55474,SECCTRL-3013-4,false
Assurance Test Suite Assert #218,https://github.td.com/TD-Enterprise-Eng/assurance/actions/runs/55517,kayman,k0106d,false,Control Run #2113,https://github.td.com/TD-Enterprise-Eng/assurance/actions/runs/55476,SECCTRL-3013-5,true
Assurance Test Suite Assert #218,https://github.td.com/TD-Enterprise-Eng/assurance/actions/runs/55517,kayman,k0106d,false,Control Run #2114,https://github.td.com/TD-Enterprise-Eng/assurance/actions/runs/55477,SECCTRL-3013-6,true
Assurance Test Suite Assert #218,https://github.td.com/TD-Enterprise-Eng/assurance/actions/runs/55517,kayman,k0106d,false,Control Run #2115,https://github.td.com/TD-Enterprise-Eng/assurance/actions/runs/55478,SECCTRL-3013-7,true
Assurance Test Suite Assert #218,https://github.td.com/TD-Enterprise-Eng/assurance/actions/runs/55517,kayman,k0106d,false,Control Run #2116,https://github.td.com/TD-Enterprise-Eng/assurance/actions/runs/55479,SECCTRL-3013-9,getArtifact(): No matching artifact found before retries exceeded.
Assurance Test Suite Assert #218,https://github.td.com/TD-Enterprise-Eng/assurance/actions/runs/55517,kayman,k0106d,false,Control Run #2117,https://github.td.com/TD-Enterprise-Eng/assurance/actions/runs/55480,SECCTRL-3013-10,true
Assurance Test Suite Assert #218,https://github.td.com/TD-Enterprise-Eng/assurance/actions/runs/55517,kayman,k0106d,false,Control Run #2118,https://github.td.com/TD-Enterprise-Eng/assurance/actions/runs/55481,SECCTRL-3013-11,true
Assurance Test Suite Assert #218,https://github.td.com/TD-Enterprise-Eng/assurance/actions/runs/55517,kayman,k0106d,false,Control Run #2119,https://github.td.com/TD-Enterprise-Eng/assurance/actions/runs/55482,SECCTRL-3013-13,true
Assurance Test Suite Assert #218,https://github.td.com/TD-Enterprise-Eng/assurance/actions/runs/55517,kayman,k0106d,false,Control Run #2120,https://github.td.com/TD-Enterprise-Eng/assurance/actions/runs/55484,SECCTRL-3013-14,true
Assurance Test Suite Assert #218,https://github.td.com/TD-Enterprise-Eng/assurance/actions/runs/55517,kayman,k0106d,false,Control Run #2121,https://github.td.com/TD-Enterprise-Eng/assurance/actions/runs/55485,SECCTRL-3013-17,getArtifact(): No matching artifact found before retries exceeded.
Assurance Test Suite Assert #218,https://github.td.com/TD-Enterprise-Eng/assurance/actions/runs/55517,kayman,k0106d,false,Control Run #2122,https://github.td.com/TD-Enterprise-Eng/assurance/actions/runs/55486,SECCTRL-3013-18,false
Assurance Test Suite Assert #218,https://github.td.com/TD-Enterprise-Eng/assurance/actions/runs/55517,kayman,k0106d,false,Control Run #2123,https://github.td.com/TD-Enterprise-Eng/assurance/actions/runs/55487,SECCTRL-3013-20,getArtifact(): No matching artifact found before retries exceeded.
Assurance Test Suite Assert #218,https://github.td.com/TD-Enterprise-Eng/assurance/actions/runs/55517,kayman,k0106d,false,Control Run #2124,https://github.td.com/TD-Enterprise-Eng/assurance/actions/runs/55488,SECCTRL-3013-21,getArtifact(): No matching artifact found before retries exceeded.
Assurance Test Suite Assert #218,https://github.td.com/TD-Enterprise-Eng/assurance/actions/runs/55517,kayman,k0106d,false,Control Run #2125,https://github.td.com/TD-Enterprise-Eng/assurance/actions/runs/55489,SECCTRL-4035-1,true
Assurance Test Suite Assert #218,https://github.td.com/TD-Enterprise-Eng/assurance/actions/runs/55517,kayman,k0106d,false,Control Run #2126,https://github.td.com/TD-Enterprise-Eng/assurance/actions/runs/55490,SECCTRL-4055-1,true
Assurance Test Suite Assert #216,https://github.td.com/TD-Enterprise-Eng/assurance/actions/runs/55493,kayman,k0143d,true,Control Run #2092,https://github.td.com/TD-Enterprise-Eng/assurance/actions/runs/55455,SECCTRL-173-54,true